{
  "corridor_event_rate": 101139238.11914062,
  "hour_sin": 59936593.1771698,
  "hour_cos": 27699538.22277832,
  "day_of_week": 26353212.518069267,
  "requires_road_closure": 21134169.7109375,
  "corridor": 1995859.2021484375,
  "event_cause": 94275.09765625,
  "is_weekend": 0.0
}