{
  "corridor_event_rate": 73470768.30151367,
  "hour_sin": 49563768.50317383,
  "corridor": 37992916.998046875,
  "day_of_week": 33597859.316007614,
  "hour_cos": 30865608.924072266,
  "requires_road_closure": 24324843.005859375,
  "event_cause": 542690.6044921875,
  "is_weekend": 0.0
}