{
  "requires_road_closure": 23327.44228688255,
  "day_of_week": 2867.7372581280897,
  "hour_sin": 2856.724605732666,
  "month": 2698.8755337911116,
  "hour_cos": 2223.203397445589,
  "event_cause": 1309.2586945695803,
  "is_weekend": 27.57635698094964
}