{
  "model_macro_f1": 0.5551025091852966,
  "baseline_macro_f1": 0.473886542878995,
  "per_class_metrics": {
    "Low": {
      "precision": 0.46283783783783783,
      "recall": 0.25276752767527677,
      "f1-score": 0.3269689737470167,
      "support": 542.0
    },
    "Medium": {
      "precision": 0.6641604010025063,
      "recall": 0.8307210031347962,
      "f1-score": 0.7381615598885793,
      "support": 957.0
    },
    "High": {
      "precision": 0.6666666666666666,
      "recall": 0.7058823529411765,
      "f1-score": 0.6857142857142857,
      "support": 85.0
    },
    "Critical": {
      "precision": 0.46551724137931033,
      "recall": 0.47368421052631576,
      "f1-score": 0.46956521739130436,
      "support": 57.0
    },
    "accuracy": 0.6209628275441804,
    "macro avg": {
      "precision": 0.5647955367215803,
      "recall": 0.5657637735693913,
      "f1-score": 0.5551025091852966,
      "support": 1641.0
    },
    "weighted avg": {
      "precision": 0.5908962591668458,
      "recall": 0.6209628275441804,
      "f1-score": 0.5903039172829202,
      "support": 1641.0
    }
  },
  "class_distribution": {
    "Medium": 4733,
    "Low": 2775,
    "High": 379,
    "Critical": 316
  }
}