{
  "corridor": 55428.03010026738,
  "event_cause": 3109.960225570947,
  "day_of_week": 2957.8818592093885,
  "hour_sin": 2932.02697654441,
  "hour_cos": 2800.210724130273,
  "month": 2348.4893077611923,
  "is_weekend": 67.10422950983047
}