{
  "model_macro_f1": 0.6229788745703483,
  "baseline_macro_f1": 0.473816462933366,
  "per_class_metrics": {
    "Low": {
      "precision": 0.8932874354561101,
      "recall": 0.9593345656192237,
      "f1-score": 0.9251336898395722,
      "support": 541.0
    },
    "Medium": {
      "precision": 0.950253807106599,
      "recall": 0.9831932773109243,
      "f1-score": 0.9664429530201343,
      "support": 952.0
    },
    "High": {
      "precision": 0.5348837209302325,
      "recall": 0.27058823529411763,
      "f1-score": 0.359375,
      "support": 85.0
    },
    "Critical": {
      "precision": 0.38461538461538464,
      "recall": 0.17543859649122806,
      "f1-score": 0.24096385542168675,
      "support": 57.0
    },
    "accuracy": 0.9100917431192661,
    "macro avg": {
      "precision": 0.6907600870270816,
      "recall": 0.5971386686788734,
      "f1-score": 0.6229788745703483,
      "support": 1635.0
    },
    "weighted avg": {
      "precision": 0.8900907156876968,
      "recall": 0.9100917431192661,
      "f1-score": 0.8959222215519342,
      "support": 1635.0
    }
  },
  "class_distribution": {
    "Medium": 4733,
    "Low": 2762,
    "High": 379,
    "Critical": 297
  }
}